{
  "elements": [
    {
      "element": {
        "element_type": "minecraft:single_pool_element",
        "location": "backrooms:poolrooms/open_pool_triangles",
        "processors": "backrooms:the_deep_end",
        "projection": "rigid"
      },
      "weight": 10
    },
    {
      "element": {
        "element_type": "minecraft:single_pool_element",
        "location": "backrooms:poolrooms/open_pool_triangles_dry",
        "processors": "backrooms:the_deep_end",
        "projection": "rigid"
      },
      "weight": 5
    },
    {
      "element": {
        "element_type": "minecraft:single_pool_element",
        "location": "backrooms:poolrooms/deep_pool",
        "processors": "backrooms:the_deep_end",
        "projection": "rigid"
      },
      "weight": 1
    },
    {
      "element": {
        "element_type": "minecraft:single_pool_element",
        "location": "backrooms:poolrooms/deep_pool_open",
        "processors": "backrooms:the_deep_end",
        "projection": "rigid"
      },
      "weight": 10
    },
    {
      "element": {
        "element_type": "minecraft:single_pool_element",
        "location": "backrooms:poolrooms/open_tall",
        "processors": "backrooms:the_deep_end",
        "projection": "rigid"
      },
      "weight": 10
    },
    {
      "element": {
        "element_type": "minecraft:single_pool_element",
        "location": "backrooms:poolrooms/open_tall_spiral",
        "processors": "backrooms:the_deep_end",
        "projection": "rigid"
      },
      "weight": 1
    },
    {
      "element": {
        "element_type": "minecraft:single_pool_element",
        "location": "backrooms:poolrooms/big_two_pool",
        "processors": "backrooms:the_deep_end",
        "projection": "rigid"
      },
      "weight": 2
    },
    {
      "element": {
        "element_type": "minecraft:single_pool_element",
        "location": "backrooms:poolrooms/big_four_pool",
        "processors": "backrooms:the_deep_end",
        "projection": "rigid"
      },
      "weight": 1
    },
    {
      "element": {
        "element_type": "minecraft:empty_pool_element"
      },
      "weight": 10
    }
  ],
  "fallback": "minecraft:empty"
}