{
  "type": "minecraft:overworld",
  "generator": {
    "type": "minecraft:noise",
    "settings": "minecraft:overworld",
    "biome_source": {
      "type": "minecraft:multi_noise",
      "biomes": [
        {
          "biome": "backrooms:the_lobby",
          "parameters": {
            "temperature": 0,
            "humidity": 0,
            "continentalness": 0,
            "erosion": 0,
            "weirdness": 0,
            "depth": 0,
            "offset": 0
          }
        },
        {
          "biome": "backrooms:remodeled_mess",
          "parameters": {
            "temperature": 0.4,
            "humidity": 0,
            "continentalness": 0,
            "erosion": 0,
            "weirdness": 0,
            "depth": 0,
            "offset": 0
          }
        }
      ]
    }
  }
}