{
  "elements": [
    {
      "element": {
        "element_type": "minecraft:single_pool_element",
        "location": "backrooms:poolrooms/hallway_long",
        "processors": "backrooms:the_deep_end",
        "projection": "rigid"
      },
      "weight": 2
    },
    {
      "element": {
        "element_type": "minecraft:single_pool_element",
        "location": "backrooms:poolrooms/hallway_long_pillars",
        "processors": "backrooms:the_deep_end",
        "projection": "rigid"
      },
      "weight": 1
    },
    {
      "element": {
        "element_type": "minecraft:single_pool_element",
        "location": "backrooms:poolrooms/hallway_long_dark",
        "processors": "backrooms:the_deep_end",
        "projection": "rigid"
      },
      "weight": 1
    },
    {
      "element": {
        "element_type": "minecraft:single_pool_element",
        "location": "backrooms:poolrooms/hallway_long_bright",
        "processors": "backrooms:the_deep_end",
        "projection": "rigid"
      },
      "weight": 1
    }
  ],
  "fallback": "minecraft:empty"
}