{
  "elements": [
    {
      "element": {
        "element_type": "minecraft:single_pool_element",
        "location": "backrooms:the_lobby/room_1",
        "processors": "minecraft:empty",
        "projection": "rigid"
      },
      "weight": 50
    },
    {
      "element": {
        "element_type": "minecraft:single_pool_element",
        "location": "backrooms:the_lobby/room_2",
        "processors": "minecraft:empty",
        "projection": "rigid"
      },
      "weight": 50
    },
    {
      "element": {
        "element_type": "minecraft:single_pool_element",
        "location": "backrooms:the_lobby/room_3",
        "processors": "minecraft:empty",
        "projection": "rigid"
      },
      "weight": 50
    },
    {
      "element": {
        "element_type": "minecraft:single_pool_element",
        "location": "backrooms:the_lobby/room_4",
        "processors": "minecraft:empty",
        "projection": "rigid"
      },
      "weight": 30
    },
    {
      "element": {
        "element_type": "minecraft:single_pool_element",
        "location": "backrooms:the_lobby/room_5",
        "processors": "minecraft:empty",
        "projection": "rigid"
      },
      "weight": 16
    },
    {
      "element": {
        "element_type": "minecraft:single_pool_element",
        "location": "backrooms:the_lobby/room_6",
        "processors": "minecraft:empty",
        "projection": "rigid"
      },
      "weight": 2
    },
    {
      "element": {
        "element_type": "minecraft:single_pool_element",
        "location": "backrooms:the_lobby/the_manila_room",
        "processors": "minecraft:empty",
        "projection": "rigid"
      },
      "weight": 2
    },
    {
      "element": {
        "element_type": "minecraft:single_pool_element",
        "location": "backrooms:the_lobby/room_1",
        "processors": "backrooms:lights_off",
        "projection": "rigid"
      },
      "weight": 25
    },
    {
      "element": {
        "element_type": "minecraft:single_pool_element",
        "location": "backrooms:the_lobby/room_2",
        "processors": "backrooms:lights_off",
        "projection": "rigid"
      },
      "weight": 25
    },
    {
      "element": {
        "element_type": "minecraft:single_pool_element",
        "location": "backrooms:the_lobby/room_3",
        "processors": "backrooms:lights_off",
        "projection": "rigid"
      },
      "weight": 25
    },
    {
      "element": {
        "element_type": "minecraft:single_pool_element",
        "location": "backrooms:the_lobby/room_4",
        "processors": "backrooms:lights_off",
        "projection": "rigid"
      },
      "weight": 15
    },
    {
      "element": {
        "element_type": "minecraft:single_pool_element",
        "location": "backrooms:the_lobby/room_5",
        "processors": "backrooms:lights_off",
        "projection": "rigid"
      },
      "weight": 8
    },
    {
      "element": {
        "element_type": "minecraft:single_pool_element",
        "location": "backrooms:the_lobby/room_6",
        "processors": "backrooms:lights_off",
        "projection": "rigid"
      },
      "weight": 1
    },
    {
      "element": {
        "element_type": "minecraft:single_pool_element",
        "location": "backrooms:the_lobby/the_manila_room",
        "processors": "backrooms:lights_off",
        "projection": "rigid"
      },
      "weight": 1
    }
  ],
  "fallback": "minecraft:empty"
}