{
  "type": "minecraft:overworld",
  "generator": {
    "type": "minecraft:noise",
    "biome_source": {
      "biomes": [
        {
          "biome": "backrooms:the_lobby",
          "parameters": {
            "continentalness": 0,
            "depth": 0,
            "erosion": 0,
            "humidity": 0,
            "offset": 0,
            "temperature": 0,
            "weirdness": 0
          }
        },
        {
          "biome": "backrooms:remodeled_mess",
          "parameters": {
            "continentalness": 0,
            "depth": 0,
            "erosion": 0,
            "humidity": 0,
            "offset": 0,
            "temperature": 0.4,
            "weirdness": 0
          }
        },
        {
          "biome": "backrooms:the_icy_rooms",
          "parameters": {
            "continentalness": 0,
            "depth": 0,
            "erosion": 0,
            "humidity": 0,
            "offset": 0,
            "temperature": -0.7,
            "weirdness": 0
          }
        }
      ],
      "type": "minecraft:multi_noise"
    },
    "settings": "minecraft:overworld"
  }
}