{
  "type": "minecraft:overworld",
  "generator": {
    "type": "minecraft:noise",
    "biome_source": {
      "biomes": [
        {
          "biome": "backrooms:poolrooms",
          "parameters": {
            "continentalness": 0.0,
            "depth": 0.0,
            "erosion": 0.0,
            "humidity": 0.0,
            "offset": 0.0,
            "temperature": 0.0,
            "weirdness": 0.0
          }
        }
      ],
      "type": "minecraft:multi_noise"
    },
    "settings": "minecraft:overworld"
  }
}