{
  "elements": [
    {
      "element": {
        "element_type": "minecraft:single_pool_element",
        "location": "backrooms:the_lobby/room_1",
        "processors": "minecraft:empty",
        "projection": "rigid"
      },
      "weight": 1
    },
    {
      "element": {
        "element_type": "minecraft:single_pool_element",
        "location": "backrooms:the_lobby/room_2",
        "processors": "minecraft:empty",
        "projection": "rigid"
      },
      "weight": 1
    }
  ],
  "fallback": "minecraft:empty"
}